City_ID,City,Country,Lat,Lng,Max Temp,Humidity,Cloudiness,Wind Speed,Current Description
0,Rikitea,PF,-23.1203,-134.9692,75.38,74,9,7.94,clear sky
1,Port Alfred,ZA,-33.5906,26.891,58.87,76,54,5.12,broken clouds
2,Tombouctou,ML,20.0,-3.0,92.75,7,1,8.39,clear sky
3,Nalut,LY,30.3333,10.85,71.65,10,0,11.83,clear sky
4,Kodiak,US,57.79,-152.4072,45.91,76,100,27.63,overcast clouds
5,Punta Arenas,CL,-53.15,-70.9167,42.91,70,0,13.8,clear sky
6,Lebu,CL,-37.6167,-73.65,54.55,84,96,7.85,light rain
7,Cascais,PT,38.6979,-9.4215,66.97,76,75,25.01,broken clouds
8,Raudeberg,NO,61.9875,5.1352,49.87,82,99,15.99,overcast clouds
9,Kavieng,PG,-2.5744,150.7967,82.56,71,94,11.16,overcast clouds
10,Jamestown,US,42.097,-79.2353,83.84,54,40,12.66,scattered clouds
11,Albany,US,42.6001,-73.9662,90.77,53,4,1.01,clear sky
12,Yulara,AU,-25.2406,130.9889,50.22,54,10,9.19,clear sky
13,Hilo,US,19.7297,-155.09,93.27,76,100,6.91,overcast clouds
14,Cape Town,ZA,-33.9258,18.4232,54.91,81,0,1.14,clear sky
15,Bethel,US,41.3712,-73.414,94.17,56,0,8.05,clear sky
16,Dzhankoy,UA,45.7167,34.4,59.25,43,34,19.13,scattered clouds
17,Mount Gambier,AU,-37.8333,140.7667,44.11,92,8,4.88,clear sky
18,San Juan,AR,-31.5375,-68.5364,65.93,24,0,0.54,clear sky
19,Gold Coast,AU,-28.0,153.4333,64.99,97,100,9.22,moderate rain
20,Mahebourg,MU,-20.4081,57.7,73.69,73,20,8.05,few clouds
21,Onega,RU,63.9061,38.1404,29.66,79,2,7.31,clear sky
22,Ponta Do Sol,PT,32.6667,-17.1,68.0,84,24,2.44,few clouds
23,Ushuaia,AR,-54.8,-68.3,42.46,70,0,2.3,clear sky
24,Dzaoudzi,YT,-12.7887,45.2699,76.89,94,0,5.75,clear sky
25,Bluff,NZ,-46.6,168.3333,51.26,77,100,26.37,overcast clouds
26,San Patricio,US,28.017,-97.5169,96.17,55,8,19.51,clear sky
27,Port Elizabeth,ZA,-33.918,25.5701,55.69,88,75,4.61,broken clouds
28,Bredasdorp,ZA,-34.5322,20.0403,52.52,85,15,4.7,few clouds
29,Riviere-Au-Renard,CA,48.9957,-64.3971,70.09,82,100,12.35,overcast clouds
30,Dumas,US,35.8656,-101.9732,55.62,41,75,14.97,broken clouds
31,Juba,SS,4.8517,31.5825,72.27,85,76,4.25,broken clouds
32,Huarmey,PE,-10.0681,-78.1522,69.06,77,44,10.09,scattered clouds
33,Atar,MR,20.5169,-13.0499,92.68,15,0,6.96,clear sky
34,Saint George,US,37.1041,-113.5841,78.44,11,0,5.01,clear sky
35,Mataura,NZ,-46.1927,168.8643,45.79,96,100,9.53,moderate rain
36,Uarini,BR,-2.99,-65.1083,78.46,94,84,0.29,broken clouds
37,Komsomolskiy,UZ,40.4272,71.7189,66.92,68,75,6.91,broken clouds
38,Victoria,HK,22.2855,114.1577,77.38,89,100,15.99,overcast clouds
39,Avarua,CK,-21.2078,-159.775,82.45,69,75,8.05,broken clouds
40,Chifeng,CN,42.2683,118.9636,61.48,22,4,4.16,clear sky
41,Meulaboh,ID,4.1363,96.1285,77.41,87,100,0.92,overcast clouds
42,Tres Lagoas,BR,-20.7511,-51.6783,63.3,41,8,3.58,clear sky
43,New Norfolk,AU,-42.7826,147.0587,45.91,88,44,2.86,scattered clouds
44,Keflavik,IS,64.0049,-22.5624,51.71,76,20,21.85,few clouds
45,Busselton,AU,-33.65,115.3333,58.77,80,0,10.45,clear sky
46,Nome,US,64.5011,-165.4064,58.15,47,0,18.41,clear sky
47,Kokoda,PG,-8.8785,147.7407,71.6,88,55,2.39,broken clouds
48,Ancud,CL,-41.8697,-73.8203,54.48,84,100,26.89,moderate rain
49,Hermanus,ZA,-34.4187,19.2345,57.31,76,28,5.1,scattered clouds
50,Hobart,AU,-42.8794,147.3294,46.26,87,75,13.8,broken clouds
51,Kloulklubed,PW,7.0419,134.2556,83.75,75,56,8.57,broken clouds
52,Esperance,AU,-33.8667,121.9,58.84,76,57,12.62,broken clouds
53,Cayenne,GF,4.9333,-52.3333,80.1,1,75,8.05,broken clouds
54,Nago,JP,26.5881,127.9761,68.85,84,39,8.21,scattered clouds
55,Nanortalik,GL,60.1432,-45.2371,40.21,76,55,10.56,broken clouds
56,Iqaluit,CA,63.7506,-68.5145,31.73,80,100,34.52,overcast clouds
57,Dikson,RU,73.5069,80.5464,25.11,96,94,7.36,overcast clouds
58,Guaruja,BR,-23.9931,-46.2564,69.89,37,40,7.0,scattered clouds
59,Castro,BR,-24.7911,-50.0119,50.59,72,6,2.01,clear sky
60,Severo-Kurilsk,RU,50.6789,156.125,42.8,94,97,3.56,overcast clouds
61,Vinh,VN,18.6667,105.6667,75.65,96,100,4.76,light rain
62,Sawtell,AU,-30.3833,153.1,59.02,94,75,11.5,drizzle
63,Laela,TZ,-8.5667,32.05,65.25,64,100,3.09,overcast clouds
64,Mar Del Plata,AR,-38.0023,-57.5575,62.62,78,0,5.01,clear sky
65,Susurluk,TR,39.9136,28.1578,58.82,66,0,1.83,clear sky
66,Hithadhoo,MV,-0.6,73.0833,82.69,71,38,7.61,scattered clouds
67,Labuan,MY,5.2767,115.2417,79.16,94,20,0.0,few clouds
68,Maragogi,BR,-9.0122,-35.2225,75.74,89,44,10.45,scattered clouds
69,Mehamn,NO,71.0357,27.8492,39.15,87,75,3.44,broken clouds
70,Tortoli,IT,39.9256,9.6572,71.42,68,0,5.75,clear sky
71,Cidreira,BR,-30.1811,-50.2056,59.72,71,43,3.02,scattered clouds
72,Ifanadiana,MG,-21.3,47.6333,59.72,97,25,3.04,scattered clouds
73,Pevek,RU,69.7008,170.3133,34.66,90,100,5.35,overcast clouds
74,Puerto Ayora,EC,-0.7393,-90.3518,78.76,91,86,5.99,overcast clouds
75,Atuona,PF,-9.8,-139.0333,77.79,77,17,11.86,few clouds
76,Ust-Nera,RU,64.5667,143.2,37.72,78,85,1.88,overcast clouds
77,Tateyama,JP,34.9833,139.8667,61.34,90,100,16.96,overcast clouds
78,Rio Cuarto,AR,-33.1307,-64.3499,67.77,30,0,10.36,clear sky
79,Magadi,IN,12.9667,77.2333,68.79,84,94,9.55,overcast clouds
80,Carnarvon,AU,-24.8667,113.6333,70.9,65,100,9.1,overcast clouds
81,Barrow,US,71.2906,-156.7887,23.02,86,100,9.22,mist
82,Mpika,ZM,-11.8343,31.4529,61.52,88,100,3.96,overcast clouds
83,Gotsu,JP,35.0,132.2167,60.28,75,0,5.68,clear sky
84,Axim,GH,4.8699,-2.2405,76.68,90,100,9.86,moderate rain
85,Dwarka,IN,22.2394,68.9678,82.35,83,4,23.58,clear sky
86,Hajnowka,PL,52.7433,23.5812,49.82,81,78,13.09,broken clouds
87,Manggar,ID,-2.8833,108.2667,78.93,84,91,0.92,overcast clouds
88,Jiazi,CN,22.8779,116.067,72.45,89,100,13.11,overcast clouds
89,Mahates,CO,10.2329,-75.1899,89.49,48,23,3.65,few clouds
90,Qaanaaq,GL,77.484,-69.3632,19.63,82,100,2.19,overcast clouds
91,Dudinka,RU,69.4058,86.1778,42.62,93,100,2.95,overcast clouds
92,Mwene-Ditu,CD,-7.0,23.45,67.68,90,96,3.47,light rain
93,Dongsheng,CN,39.8161,109.9776,59.85,45,25,2.95,scattered clouds
94,Corn Island,NI,12.1694,-83.0418,82.96,72,99,8.59,heavy intensity rain
95,Nasice,HR,45.4886,18.0878,61.41,84,99,11.74,light rain
96,Grosse Pointe Woods,US,42.4436,-82.9069,77.05,64,75,19.57,broken clouds
97,Wanning,CN,18.8003,110.3967,77.43,90,92,3.11,overcast clouds
98,Vaini,TO,-21.2,-175.2,77.16,83,40,4.61,scattered clouds
99,Sitka,US,57.0531,-135.33,60.69,59,0,4.61,clear sky
100,Mandalgovi,MN,45.7625,106.2708,55.65,60,53,10.8,broken clouds
101,Tasiilaq,GL,65.6145,-37.6368,37.15,72,100,5.03,overcast clouds
102,Forestville,US,38.8451,-76.875,94.53,48,0,10.36,clear sky
103,Staryy Nadym,RU,65.6118,72.6842,33.44,86,100,14.36,overcast clouds
104,Masuda,JP,34.6667,131.85,60.96,74,0,5.08,clear sky
105,Port Moresby,PG,-9.4431,147.1797,74.62,94,20,2.3,few clouds
106,Port Shepstone,ZA,-30.7414,30.455,65.79,74,100,18.95,light rain
107,Butaritari,KI,3.0707,172.7902,80.87,80,99,10.49,light rain
108,Keti Bandar,PK,24.1447,67.4497,81.61,89,43,22.3,scattered clouds
109,Laurens,US,32.4502,-82.9165,88.23,45,0,8.05,clear sky
110,Port-Cartier,CA,50.0334,-66.8654,46.62,99,100,5.5,moderate rain
111,Sembe,CG,1.6481,14.5806,70.61,93,99,3.11,overcast clouds
112,Schleiden,DE,50.5295,6.477,56.23,78,54,2.42,broken clouds
113,Sao Filipe,CV,14.8961,-24.4956,73.08,79,37,11.23,scattered clouds
114,Kapaa,US,22.0752,-159.319,81.48,89,40,6.91,scattered clouds
115,Chokurdakh,RU,70.6333,147.9167,33.48,100,100,4.65,overcast clouds
116,La Rioja,ES,42.25,-2.5,67.78,45,72,8.28,broken clouds
117,Kondinskoye,RU,59.6481,67.41,47.03,91,100,18.32,overcast clouds
118,Senhor Do Bonfim,BR,-10.4614,-40.1894,71.33,72,83,10.58,broken clouds
119,Touros,BR,-5.1989,-35.4608,79.25,79,16,11.74,few clouds
120,Ciudad Bolivar,VE,8.1222,-63.5497,94.1,31,16,13.31,few clouds
121,Portland,US,45.5234,-122.6762,72.14,45,20,12.66,few clouds
122,Fortuna,US,40.5982,-124.1573,64.85,70,0,12.66,clear sky
123,Rawson,AR,-43.3002,-65.1023,60.21,42,88,10.65,overcast clouds
124,Tortosa,ES,40.8125,0.5216,72.25,66,100,2.91,overcast clouds
125,Gao,ML,16.6362,1.637,86.5,37,78,13.0,broken clouds
126,Nantucket,US,41.2835,-70.0995,73.45,82,0,9.22,clear sky
127,Souillac,MU,-20.5167,57.5167,73.78,73,20,8.05,few clouds
128,Shagonar,RU,51.5333,92.8,55.0,56,0,0.74,clear sky
129,Verkhnevilyuysk,RU,63.4453,120.3167,46.53,86,50,2.59,scattered clouds
130,Champerico,GT,14.3,-91.9167,91.94,67,26,8.61,scattered clouds
131,Kaitangata,NZ,-46.2817,169.8464,47.43,91,100,14.25,overcast clouds
132,Byron Bay,AU,-28.65,153.6167,59.7,85,100,11.54,light rain
133,Port Blair,IN,11.6667,92.75,83.34,81,100,19.84,overcast clouds
134,Faanui,PF,-16.4833,-151.75,80.38,71,16,9.48,light rain
135,Saint-Francois,FR,46.4154,3.9054,71.04,68,0,5.75,clear sky
136,Thompson,CA,55.7435,-97.8558,50.16,25,0,12.66,clear sky
137,Montepuez,MZ,-13.1256,38.9997,63.88,98,6,3.87,clear sky
138,Cherskiy,RU,68.75,161.3,53.56,49,29,16.44,scattered clouds
139,Palembang,ID,-2.9167,104.7458,77.09,94,40,2.3,haze
140,Ondo,NG,7.1,4.8333,72.07,99,100,2.84,overcast clouds
141,Otse,BW,-25.0167,25.7333,41.34,79,99,2.71,light rain
142,Jishou,CN,28.3167,109.7167,64.62,91,100,1.25,overcast clouds
143,Narsaq,GL,60.9167,-46.05,41.92,69,3,7.87,clear sky
144,Sisimiut,GL,66.9395,-53.6735,38.53,67,100,2.37,overcast clouds
145,Sorsk,RU,54.0033,90.2467,53.89,62,6,2.24,clear sky
146,Melfort,CA,52.8667,-104.6177,53.73,28,100,10.36,overcast clouds
147,Bukama,CD,-9.2,25.85,72.55,70,94,0.98,overcast clouds
148,Slave Lake,CA,55.2834,-114.769,53.58,35,0,5.75,clear sky
149,Chicama,PE,-7.8447,-79.1469,64.94,64,22,8.32,few clouds
150,Te Anau,NZ,-45.4167,167.7167,44.56,91,92,5.1,overcast clouds
151,Cambridge,CA,43.3601,-80.3127,76.39,74,100,6.91,overcast clouds
152,Mildura,AU,-34.2,142.15,51.08,84,57,10.76,broken clouds
153,Nemuro,JP,43.3236,145.575,49.26,98,100,9.51,overcast clouds
154,Posse,BR,-14.0931,-46.3694,68.95,39,2,3.22,clear sky
155,Makakilo City,US,21.3469,-158.0858,82.18,72,20,11.5,few clouds
156,Alexandria,EG,31.2156,29.9553,67.96,56,0,13.8,clear sky
157,Svetlogorsk,BY,52.6333,29.7333,48.06,90,28,12.62,scattered clouds
158,Caravelas,BR,-17.7125,-39.2481,71.92,68,1,7.87,clear sky
159,Linjiang,CN,41.8069,126.9078,53.38,95,99,2.84,overcast clouds
160,Lovozero,RU,68.005,35.0117,33.42,75,98,10.87,overcast clouds
161,Wahpeton,US,46.2652,-96.6059,48.92,46,100,11.5,overcast clouds
162,Aklavik,CA,68.2191,-135.0107,35.6,80,100,8.05,light snow
163,Florianopolis,BR,-27.6146,-48.5012,61.83,75,20,6.91,few clouds
164,Tshane,BW,-24.0196,21.8684,45.37,63,5,7.09,clear sky
165,Saskylakh,RU,71.9167,114.0833,28.2,97,88,5.99,overcast clouds
166,Namibe,AO,-15.1961,12.1522,67.75,71,2,1.77,clear sky
167,Ust-Kuyga,RU,70.0167,135.6,30.25,92,35,2.86,scattered clouds
168,Cortez,US,37.3489,-108.5859,65.16,19,40,17.27,scattered clouds
169,Katherine,AU,-14.4667,132.2667,66.52,59,36,5.75,scattered clouds
170,Chuy,UY,-33.6971,-53.4616,55.8,75,100,5.57,overcast clouds
171,Shu,KZ,43.5983,73.7614,61.09,78,54,11.97,broken clouds
172,Arraial Do Cabo,BR,-22.9661,-42.0278,69.76,73,20,8.05,few clouds
173,Georgetown,MY,5.4112,100.3354,81.95,89,20,3.44,few clouds
174,Raga,SS,8.4596,25.678,76.23,72,100,5.5,overcast clouds
175,Hasaki,JP,35.7333,140.8333,61.29,89,100,18.23,overcast clouds
176,Tsaratanana,MG,-16.7833,47.65,68.16,75,3,9.01,clear sky
177,Yanam,IN,16.7333,82.2167,85.37,58,100,7.7,overcast clouds
178,Bolkhov,RU,53.4433,36.0044,45.63,95,100,11.74,overcast clouds
179,Urussu,RU,54.5981,53.4631,34.92,95,21,6.85,few clouds
180,Comodoro Rivadavia,AR,-45.8667,-67.5,57.06,38,0,12.66,clear sky
181,Bambous Virieux,MU,-20.3428,57.7575,73.65,73,20,8.05,few clouds
182,Dillon,US,34.4166,-79.3712,78.78,57,95,16.24,light rain
183,Zaykovo,RU,57.5613,62.7568,43.92,99,100,3.11,overcast clouds
184,Talara,PE,-4.5772,-81.2719,75.96,64,100,13.8,overcast clouds
185,Tuktoyaktuk,CA,69.4541,-133.0374,30.2,69,75,8.05,broken clouds
186,Coihaique,CL,-45.5752,-72.0662,39.81,93,100,3.44,light rain
187,Birao,CF,10.2849,22.7882,81.97,56,80,10.31,broken clouds
188,Payo,ID,-3.7508,103.6372,74.12,95,86,1.36,overcast clouds
189,Lavrentiya,RU,65.5833,-171.0,37.26,94,82,9.42,broken clouds
190,Pandamatenga,BW,-18.5278,25.627,50.41,30,0,5.97,clear sky
191,Babayurt,RU,43.6002,46.7789,55.71,76,43,9.04,scattered clouds
192,Yellowknife,CA,62.456,-114.3525,54.12,54,75,8.05,light rain
193,Palu,ID,-0.8917,119.8707,75.65,98,100,1.52,overcast clouds
194,Njeru,UG,0.4186,33.1731,66.13,85,100,3.4,overcast clouds
195,Oktyabrskiy,RU,54.4815,53.471,34.38,95,29,6.17,scattered clouds
196,Tiksi,RU,71.6872,128.8694,26.19,98,100,3.27,overcast clouds
197,Quatre Cocos,MU,-20.2078,57.7625,73.51,68,4,12.26,clear sky
198,Barcelos,PT,41.5388,-8.6151,67.91,98,92,5.19,overcast clouds
199,Salto,UY,-31.3833,-57.9667,68.16,64,75,4.61,broken clouds
200,Mwinilunga,ZM,-11.7358,24.4293,61.32,61,42,3.33,scattered clouds
201,Urusha,RU,54.05,122.9,46.27,69,100,2.89,overcast clouds
202,Tabuk,PH,17.4189,121.4443,73.0,94,92,1.57,overcast clouds
203,Lagoa,PT,39.05,-27.9833,63.66,94,87,1.68,overcast clouds
204,Ayan,RU,56.45,138.1667,32.54,98,100,9.82,light snow
205,Khislavichi,RU,54.1871,32.1582,45.21,98,100,9.37,light rain
206,Gashua,NG,12.871,11.0482,89.38,12,83,10.58,broken clouds
207,Clarence Town,AU,-32.5833,151.7833,60.85,96,97,1.61,overcast clouds
208,Kristiansund,NO,63.1115,7.732,50.05,93,100,4.61,light intensity drizzle
209,Yumaguzino,RU,52.9041,56.3933,39.52,96,67,8.93,broken clouds
210,Mogadishu,SO,2.0371,45.3438,79.81,84,100,16.51,overcast clouds
211,Ust-Omchug,RU,61.15,149.6333,34.05,87,100,3.98,overcast clouds
212,Norman Wells,CA,65.282,-126.8329,44.64,81,100,16.11,overcast clouds
213,Wiarton,CA,44.7407,-81.1332,65.5,77,75,8.05,broken clouds
214,San,ML,13.3034,-4.8956,85.87,48,80,15.28,broken clouds
215,Gairo,IT,39.8497,9.5047,63.61,51,8,5.7,clear sky
216,Saint-Philippe,RE,-21.3585,55.7679,71.19,80,100,11.16,overcast clouds
217,Ivanivka,UA,46.7208,34.553,61.34,57,91,15.7,overcast clouds
218,Ilulissat,GL,69.2167,-51.1,33.87,82,99,6.4,overcast clouds
219,Bergama,TR,39.1207,27.1805,63.79,40,3,1.34,clear sky
220,Tumbes,PE,-3.5667,-80.4414,76.95,78,75,6.91,broken clouds
221,Nampula,MZ,-15.1165,39.2666,69.75,94,0,4.61,clear sky
222,Buraydah,SA,26.326,43.975,91.85,13,0,16.22,clear sky
223,Zhigalovo,RU,54.8097,105.1578,49.08,96,100,4.18,light rain
224,Pilar,BR,-9.5972,-35.9567,75.13,92,94,8.23,overcast clouds
225,Provideniya,RU,64.3833,-173.3,51.96,48,99,10.94,overcast clouds
226,Toropets,RU,56.4978,31.6353,47.08,78,100,9.66,overcast clouds
227,Penzance,GB,50.1186,-5.5371,55.4,84,100,7.45,overcast clouds
228,Carauari,BR,-4.8828,-66.8958,78.69,92,67,1.74,broken clouds
229,Mindelo,CV,16.8901,-24.9804,74.75,57,75,18.41,broken clouds
230,Kaeo,NZ,-35.1,173.7833,54.32,96,100,6.51,overcast clouds
231,Darhan,MN,49.4867,105.9228,52.88,79,74,1.36,broken clouds
232,Ribeira Grande,PT,38.5167,-28.7,64.8,100,100,8.05,mist
233,Huangchuan,CN,32.1272,115.0394,66.96,71,100,2.57,overcast clouds
234,Novyy Svit,UA,47.8059,38.0211,56.93,92,100,20.36,overcast clouds
235,Ardakan,IR,32.31,54.0175,69.85,35,8,11.68,clear sky
236,Nyurba,RU,63.2842,118.3319,48.24,81,97,2.93,overcast clouds
237,Camana,PE,-16.6228,-72.7111,66.76,81,98,8.32,overcast clouds
238,Lasa,IT,46.6166,10.7002,65.28,69,83,5.41,broken clouds
239,Sabang,ID,5.8933,95.3214,83.5,77,100,21.92,overcast clouds
240,Los Llanos De Aridane,ES,28.6585,-17.9182,65.95,92,75,12.66,broken clouds
241,Longyearbyen,SJ,78.2186,15.6401,37.24,70,75,11.5,broken clouds
242,Kokopo,PG,-4.352,152.2633,78.6,78,65,3.33,broken clouds
243,Robertson,US,36.5167,-86.8667,92.39,55,38,8.61,scattered clouds
244,Saldanha,ZA,-33.0117,17.9442,51.85,79,50,7.72,scattered clouds
245,Goksun,TR,38.021,36.4973,52.92,45,5,2.17,clear sky
246,Paratinga,BR,-12.6906,-43.1842,79.16,36,8,3.89,clear sky
247,Issenye,TZ,-2.0,34.3333,64.35,87,100,1.83,overcast clouds
248,Seoul,KR,37.5683,126.9778,61.99,80,75,4.61,mist
249,Alegrete,BR,-29.7831,-55.7919,56.05,76,89,3.49,overcast clouds
250,Dunmanway,IE,51.7167,-9.1167,56.32,95,100,8.99,overcast clouds
251,Port Macquarie,AU,-31.4333,152.9167,58.89,94,100,3.44,light rain
252,Dilla,ET,6.41,38.31,63.46,82,90,3.76,overcast clouds
253,Avera,US,33.194,-82.5271,85.55,36,100,10.56,overcast clouds
254,Presidencia Roque Saenz Pena,AR,-26.7852,-60.4388,65.84,55,12,5.7,few clouds
255,Moose Factory,CA,51.2585,-80.6094,44.6,53,100,11.5,overcast clouds
256,Puerto Del Rosario,ES,28.5004,-13.8627,69.55,73,20,18.41,few clouds
257,Astoria,US,46.1879,-123.8313,67.71,67,0,10.36,clear sky
258,Nikolskoye,RU,59.7035,30.7861,46.29,61,4,7.83,clear sky
259,Tsiroanomandidy,MG,-18.7667,46.0333,60.78,69,6,1.81,clear sky
260,Vanimo,PG,-2.6741,141.3028,77.09,88,100,4.94,overcast clouds
261,Morant Bay,JM,17.8815,-76.4093,93.7,70,36,11.97,scattered clouds
262,Zhezkazgan,KZ,47.8043,67.7144,51.82,55,100,19.08,overcast clouds
263,Camacha,PT,33.0833,-16.3333,63.82,72,40,12.66,scattered clouds
264,Lompoc,US,34.6391,-120.4579,76.78,61,0,18.41,clear sky
265,Vila Velha,BR,-20.3297,-40.2925,73.35,68,20,9.22,few clouds
266,Isilkul,RU,54.9109,71.2728,59.49,75,77,8.52,broken clouds
267,Khatanga,RU,71.9667,102.5,35.2,98,99,4.81,overcast clouds
268,Shajapur,IN,23.4333,76.2667,82.4,58,0,21.81,clear sky
269,Pundaguitan,PH,6.3711,126.1689,82.51,71,100,3.4,overcast clouds
270,Tual,ID,-5.6667,132.75,82.36,76,57,17.34,broken clouds
271,Umm Kaddadah,SD,13.6017,26.6876,84.88,13,100,11.63,overcast clouds
272,Ostrovnoy,RU,68.0531,39.5131,29.53,76,14,7.38,few clouds
273,Jalu,LY,29.0331,21.5482,69.62,42,0,13.73,clear sky
274,Sao Paulo De Olivenca,BR,-3.3783,-68.8725,82.17,66,70,1.28,broken clouds
275,Alofi,NU,-19.0595,-169.9187,76.89,88,40,4.61,scattered clouds
276,Tuatapere,NZ,-46.1333,167.6833,47.91,89,99,12.77,light rain
277,Solnechnyy,RU,50.7214,136.6319,38.48,97,100,8.05,overcast clouds
278,Solwezi,ZM,-12.1688,26.3894,61.25,69,50,3.96,scattered clouds
279,Pacific Grove,US,36.6177,-121.9166,71.28,79,0,11.01,clear sky
280,Popondetta,PG,-8.7537,148.2534,73.29,87,43,2.93,scattered clouds
281,Honiara,SB,-9.4333,159.95,80.92,78,12,2.44,few clouds
282,Taltal,CL,-25.4,-70.4833,63.9,71,23,3.29,few clouds
283,Deputatskiy,RU,69.3,139.9,31.21,98,100,0.69,overcast clouds
284,Harper,LR,4.375,-7.7169,77.86,82,100,9.8,light rain
285,Torbay,CA,47.6666,-52.7314,63.37,34,20,6.91,few clouds
286,Tilichiki,RU,60.4667,166.1,35.98,86,100,2.82,overcast clouds
287,Baruun-Urt,MN,46.6806,113.2792,58.17,28,65,5.12,broken clouds
288,Bengkulu,ID,-3.8004,102.2655,75.56,91,86,4.54,overcast clouds
289,Sobolevo,RU,54.4299,31.8996,45.1,98,100,9.44,light rain
290,Namatanai,PG,-3.6667,152.4333,80.62,75,49,7.76,scattered clouds
291,Valdivia,CL,-39.8142,-73.2459,57.29,92,100,6.89,moderate rain
292,Antofagasta,CL,-23.65,-70.4,61.88,75,74,7.81,broken clouds
293,Kovdor,RU,67.5662,30.4758,37.76,87,100,8.57,light rain
294,Koslan,RU,63.4564,48.8989,30.11,90,100,9.33,light snow
295,Inirida,CO,3.8653,-67.9239,77.47,93,86,2.39,overcast clouds
296,Merritt Island,US,28.5392,-80.672,89.69,72,0,18.41,clear sky
297,Airai,TL,-8.9266,125.4092,57.56,90,43,3.62,scattered clouds
298,Chake Chake,TZ,-5.2459,39.7666,76.84,85,93,8.88,overcast clouds
299,Kyaikkami,MM,16.08,97.5675,82.08,82,100,15.55,moderate rain
300,Paita,PE,-5.0892,-81.1144,71.08,74,20,14.79,few clouds
301,Rocha,UY,-34.4833,-54.3333,53.98,79,81,5.82,broken clouds
302,Saint-Georges,GD,12.0564,-61.7485,85.68,62,20,18.41,few clouds
303,Oga,IT,46.4631,10.347,58.8,74,100,4.54,overcast clouds
304,Godda,IN,24.8333,87.2167,82.6,72,21,5.19,few clouds
305,Madimba,TZ,-10.4,40.3333,72.57,88,47,5.91,scattered clouds
306,Hamilton,US,39.1834,-84.5333,77.23,94,75,5.75,thunderstorm
307,Biskamzha,RU,53.4497,89.5272,52.57,68,3,5.21,clear sky
308,Linxia,CN,35.6003,103.2064,50.72,68,28,3.47,scattered clouds
309,Sibolga,ID,1.7427,98.7792,76.66,90,100,2.26,overcast clouds
310,Nelson Bay,AU,-32.7167,152.15,61.0,97,83,6.6,broken clouds
311,Lundazi,ZM,-12.2929,33.1782,62.58,85,14,8.32,few clouds
312,Roald,NO,62.5833,6.1333,53.33,87,100,4.61,overcast clouds
313,Wewak,PG,-3.5534,143.6268,77.38,89,87,6.38,overcast clouds
314,Naron,ES,43.5167,-8.1528,72.45,66,99,2.28,light rain
315,Bandarbeyla,SO,9.4942,50.8122,79.9,87,100,19.57,overcast clouds
316,Ostersund,SE,63.1792,14.6357,55.85,44,100,4.61,overcast clouds
317,Vila Franca Do Campo,PT,37.7167,-25.4333,64.81,94,80,4.59,broken clouds
318,Atikokan,CA,48.7555,-91.6216,46.27,46,100,6.89,overcast clouds
319,Chikwawa,MW,-16.0335,34.8009,75.83,68,57,3.22,broken clouds
320,Alekseyevsk,RU,57.8406,108.3492,48.7,91,79,6.31,broken clouds
321,Gladstone,AU,-23.85,151.25,66.13,77,86,8.05,overcast clouds
322,Yambio,SS,4.5721,28.3955,67.64,98,100,3.51,overcast clouds
323,Talnakh,RU,69.4865,88.3972,42.21,100,100,2.71,overcast clouds
324,Bairiki,KI,1.3292,172.9752,82.4,83,75,3.44,light rain
325,Farafangana,MG,-22.8167,47.8333,67.24,89,5,4.65,clear sky
326,Jasper,US,37.2001,-94.3502,56.14,85,100,3.0,overcast clouds
327,Haines Junction,CA,60.7522,-137.5108,58.41,39,13,5.68,few clouds
328,Oropesa,PE,-13.5928,-71.7719,67.86,24,40,10.36,scattered clouds
329,Sundargarh,IN,22.1167,84.0333,89.24,37,64,3.11,broken clouds
330,Viedma,AR,-40.8135,-62.9967,58.33,40,2,8.93,clear sky
331,East Retford,GB,53.3221,-0.9432,59.11,67,0,4.61,clear sky
332,Palauig,PH,15.435,119.9045,80.38,76,95,7.18,overcast clouds
333,Kattivakkam,IN,13.2167,80.3167,87.08,66,87,17.74,overcast clouds
334,Clyde River,CA,70.4692,-68.5914,23.23,86,100,5.75,overcast clouds
335,Nouadhibou,MR,20.931,-17.0347,67.98,83,1,20.71,sand
336,Amapa,BR,1.0,-52.0,74.28,98,83,2.33,broken clouds
337,Akdepe,TM,42.0551,59.3788,59.09,43,8,7.81,clear sky
338,Dunedin,NZ,-45.8742,170.5036,47.8,72,100,7.0,overcast clouds
339,Strezhevoy,RU,60.7333,77.5889,46.08,82,77,5.23,broken clouds
340,Grand-Lahou,CI,5.1367,-5.0242,77.45,88,99,13.29,light rain
341,Paamiut,GL,61.994,-49.6678,36.36,86,61,21.43,broken clouds
342,Manicore,BR,-5.8092,-61.3003,89.55,48,0,2.3,clear sky
343,Lipin Bor,RU,60.2622,37.9763,30.79,78,7,8.08,clear sky
344,Berlevag,NO,70.8578,29.0864,39.2,87,100,12.66,light rain
345,Srivardhan,IN,18.0333,73.0167,83.5,73,30,7.61,scattered clouds
346,Okhotsk,RU,59.3833,143.3,34.11,99,100,6.46,light snow
347,Abu Dhabi,AE,24.4667,54.3667,87.82,61,0,4.61,clear sky
348,Shakiso,ET,5.75,38.9167,59.07,98,98,0.45,overcast clouds
349,Kashi,CN,39.4547,75.9797,63.61,48,75,13.42,broken clouds
350,Orlik,RU,52.5178,99.825,45.41,65,68,3.89,broken clouds
351,Salinopolis,BR,-0.6136,-47.3561,78.3,83,86,3.47,overcast clouds
352,Wuwei,CN,37.9281,102.6414,62.69,32,93,4.45,overcast clouds
353,Lukulu,ZM,-14.3707,23.242,57.56,44,26,5.93,scattered clouds
354,Bembereke,BJ,10.2283,2.6634,75.22,77,100,9.1,light rain
355,Mnogovershinnyy,RU,53.9353,139.9242,30.9,96,100,5.46,overcast clouds
356,Mukhtolovo,RU,55.4644,43.1953,37.96,69,88,4.09,overcast clouds
357,Fukue,JP,32.6881,128.8419,67.21,77,100,11.86,overcast clouds
358,Leningradskiy,RU,69.3833,178.4167,33.06,97,98,10.04,overcast clouds
359,The Valley,AI,18.217,-63.0578,85.86,74,20,12.66,haze
360,Altar,MX,30.7,-111.8167,91.53,16,0,19.89,clear sky
361,Tautira,PF,-17.7333,-149.15,79.02,75,33,11.5,light rain
362,Zabid,YE,14.1951,43.3152,88.81,30,9,4.25,clear sky
363,Khasan,RU,42.4308,130.6434,52.81,85,98,2.86,light rain
364,Grand Gaube,MU,-20.0064,57.6608,73.8,64,0,16.78,clear sky
365,Laguna,US,38.421,-121.4238,86.76,17,0,5.75,clear sky
366,Guerrero Negro,MX,27.9769,-114.0611,72.45,50,4,13.6,clear sky
367,Kochevo,RU,59.5994,54.3125,32.97,92,100,6.76,overcast clouds
368,Chervona Sloboda,UA,49.3789,32.1464,58.19,82,30,18.92,scattered clouds
369,Kahului,US,20.8947,-156.47,86.02,54,40,20.71,scattered clouds
370,Flin Flon,CA,54.7682,-101.865,55.24,33,75,8.05,broken clouds
371,Banjarmasin,ID,-3.3244,114.591,77.14,96,97,2.01,overcast clouds
372,Ouesso,CG,1.6136,16.0517,72.75,86,98,2.46,overcast clouds
373,Isangel,VU,-19.55,169.2667,78.55,90,99,15.41,overcast clouds
374,Kurmanayevka,RU,52.5093,52.0675,37.51,90,51,6.98,broken clouds
375,Ixtapa,MX,20.7,-105.2,92.75,36,1,8.5,clear sky
376,Bilma,NE,18.6853,12.9164,87.94,11,0,4.56,clear sky
377,Najran,SA,17.4924,44.1277,79.45,12,5,2.44,clear sky
378,Jibuti,DJ,11.5,42.5,86.02,22,75,4.76,broken clouds
379,Kasongo-Lunda,CD,-6.4667,16.8167,76.01,70,91,1.88,overcast clouds
380,Suez,EG,29.9737,32.5263,70.14,59,3,11.97,clear sky
381,Cabo San Lucas,MX,22.8909,-109.9124,84.61,64,2,10.09,clear sky
382,Kango,GA,0.1943,10.0951,74.34,98,100,1.59,moderate rain
383,Kayes,ML,14.0,-11.0,98.44,11,12,5.61,few clouds
384,San Policarpo,PH,12.1791,125.5072,79.81,84,100,8.12,overcast clouds
385,Mount Isa,AU,-20.7333,139.5,56.97,82,35,3.44,scattered clouds
386,Sar-E Pul,AF,35.8333,66.1667,51.66,89,79,6.15,broken clouds
387,Ekibastuz,KZ,51.6667,75.3667,69.6,32,98,14.27,overcast clouds
388,Vostok,RU,46.4856,135.8833,51.01,92,79,2.15,broken clouds
389,Jua,IN,15.5333,73.9333,78.26,84,84,2.89,broken clouds
390,Kismayo,SO,-0.3582,42.5454,79.56,82,100,14.09,overcast clouds
391,Ebolowa,CM,2.9,11.15,70.52,98,100,2.57,overcast clouds
392,Banjar,ID,-8.19,114.9675,75.09,86,12,4.45,few clouds
393,Klaksvik,FO,62.2266,-6.589,47.32,84,100,14.41,overcast clouds
394,Beyneu,KZ,45.3167,55.2,55.29,42,75,7.76,broken clouds
395,Hangu,CN,39.2489,117.7892,75.24,37,0,5.61,clear sky
396,Bathsheba,BB,13.2167,-59.5167,84.81,70,20,19.57,few clouds
397,Kalmunai,LK,7.4167,81.8167,80.58,75,61,4.9,broken clouds
398,Acapulco,MX,16.8634,-99.8901,85.55,55,3,9.95,clear sky
399,Bonito,BR,-21.1211,-56.4819,64.74,52,4,2.93,clear sky
400,Salalah,OM,17.0151,54.0924,80.98,83,100,8.66,overcast clouds
401,Hualmay,PE,-11.0964,-77.6139,67.42,78,21,10.0,few clouds
402,Kirakira,SB,-10.4544,161.9205,81.82,79,56,3.31,broken clouds
403,Aviles,ES,43.5547,-5.9248,68.38,91,40,11.5,scattered clouds
404,Kudat,MY,6.8837,116.8477,77.29,94,20,0.0,few clouds
405,Coquimbo,CL,-29.9533,-71.3436,58.73,88,40,16.11,scattered clouds
406,Zhicheng,CN,30.2956,111.5047,64.72,85,100,2.64,overcast clouds
407,Wenling,CN,28.3669,121.36,62.13,92,98,1.61,overcast clouds
408,Roma,US,43.2128,-75.4557,89.74,43,0,12.66,clear sky
409,Moron,AR,-34.6534,-58.6198,69.69,56,0,1.72,clear sky
410,Yar-Sale,RU,66.8333,70.8333,30.34,81,100,12.82,overcast clouds
411,Xam Nua,LA,20.4197,104.0439,68.13,100,100,1.59,overcast clouds
412,East London,ZA,-33.0153,27.9116,59.74,79,68,4.79,broken clouds
413,Pangnirtung,CA,66.1451,-65.7125,35.78,83,100,12.91,overcast clouds
414,Desna,UA,50.9273,30.7605,58.86,81,17,16.98,few clouds
415,Joensuu,FI,62.6012,29.7632,45.09,45,0,4.61,clear sky
416,Luganville,VU,-15.5333,167.1667,78.57,85,14,1.14,few clouds
417,Astaneh-Ye Ashrafiyeh,IR,37.2596,49.9444,57.13,88,0,3.13,clear sky
418,Leo,BF,11.1,-2.1,80.01,61,86,5.21,overcast clouds
419,Sangueya,GN,10.7,-14.3667,79.2,80,99,6.02,overcast clouds
420,Lazaro Cardenas,MX,17.9583,-102.2,82.89,64,9,10.13,clear sky
421,Catamarca,AR,-28.4696,-65.7852,69.58,44,6,1.86,clear sky
422,Bubaque,GW,11.2833,-15.8333,79.03,78,100,18.86,overcast clouds
423,Serenje,ZM,-13.2325,30.2352,60.17,87,49,2.8,scattered clouds
424,Kieta,PG,-6.2167,155.6333,80.01,82,18,0.81,few clouds
425,Mecca,SA,21.4267,39.8261,88.3,25,4,0.49,clear sky
426,Hofn,IS,64.2539,-15.2082,48.88,83,100,9.42,overcast clouds
427,Vestmannaeyjar,IS,63.4427,-20.2734,49.78,86,98,8.12,overcast clouds
428,La Ronge,CA,55.1001,-105.2842,59.22,19,75,8.05,broken clouds
429,Ucluelet,CA,48.9329,-125.5528,55.09,80,1,3.0,clear sky
430,Pavlodar,KZ,52.3,76.95,67.8,34,0,13.42,clear sky
431,Novosineglazovskiy,RU,55.0401,61.3792,38.91,97,100,14.18,overcast clouds
432,Amudat,UG,1.95,34.95,71.47,62,100,4.47,overcast clouds
433,Panaba,MX,21.2833,-88.2667,92.35,49,49,22.41,scattered clouds
434,Bandar,ID,2.05,99.75,74.37,96,100,0.18,overcast clouds
435,Dubbo,AU,-32.25,148.6167,51.93,87,100,10.36,overcast clouds
436,Dinskaya,RU,45.2178,39.2283,57.88,61,90,15.26,overcast clouds
437,Luderitz,NA,-26.6481,15.1594,55.42,66,9,14.45,clear sky
438,Humaita,BR,-7.5061,-63.0208,84.52,59,6,0.78,clear sky
439,Alappuzha,IN,9.49,76.3264,79.57,83,79,9.6,broken clouds
440,Codrington,AU,-38.2667,141.9667,43.43,93,6,7.31,clear sky
441,Udachnyy,RU,66.4167,112.4,46.45,60,14,2.68,few clouds
442,The Pas,CA,53.8251,-101.2541,51.82,37,0,9.22,clear sky
443,Amazar,RU,53.858,120.875,45.09,94,100,5.46,light rain
444,Paracatu,BR,-17.2222,-46.8747,62.92,39,15,3.42,few clouds
445,Ambanja,MG,-13.6833,48.45,73.92,80,37,3.49,scattered clouds
446,Gorontalo,ID,0.5412,123.0595,75.43,95,100,0.92,overcast clouds
447,Puerto Madryn,AR,-42.7692,-65.0385,61.97,40,100,16.91,overcast clouds
448,Yatou,CN,37.15,122.3833,61.02,80,0,8.86,clear sky
449,Ubinskoye,RU,55.3068,79.6802,61.05,49,72,10.56,broken clouds
450,Ulladulla,AU,-35.35,150.4667,55.38,88,100,9.62,moderate rain
451,Neiafu,TO,-18.65,-173.9833,75.88,88,20,0.0,few clouds
452,Nishihara,JP,26.1842,127.7558,70.88,92,40,14.97,mist
453,Anadyr,RU,64.75,177.4833,39.7,80,0,6.71,clear sky
454,Boyolangu,ID,-8.1181,111.8935,75.11,90,99,1.32,overcast clouds
455,Srednekolymsk,RU,67.45,153.6833,54.99,45,100,10.54,overcast clouds
456,Batagay,RU,67.6333,134.6333,43.88,64,97,2.04,overcast clouds
457,Geraldton,AU,-28.7667,114.6,55.81,94,75,12.66,broken clouds
458,Arlit,NE,18.7369,7.3853,90.41,16,99,4.32,overcast clouds
459,Baoqing,CN,46.3317,132.2111,53.15,93,100,6.29,overcast clouds
460,Warwick,US,41.7001,-71.4162,92.19,69,40,23.02,scattered clouds
461,Madison Heights,US,42.4859,-83.1052,75.15,60,0,12.66,clear sky
462,Skegness,GB,53.1436,0.3363,57.58,79,78,7.7,broken clouds
463,Awbari,LY,26.5921,12.7805,74.39,9,0,11.77,clear sky
464,Xining,CN,36.6167,101.7667,50.5,67,43,2.89,scattered clouds
465,Durg,IN,21.1833,81.2833,93.49,26,84,4.79,broken clouds
466,Bushenyi,UG,-0.5853,30.2114,61.23,87,97,1.01,overcast clouds
467,Guatire,VE,10.4762,-66.5427,88.2,67,93,5.84,overcast clouds
468,Sayat,TM,38.7839,63.8803,57.07,39,100,13.24,overcast clouds
469,Gboko,NG,7.3179,8.9951,79.92,70,96,10.89,light rain
470,Homer,US,59.6425,-151.5483,58.05,29,99,3.0,overcast clouds
471,Seydi,TM,39.4816,62.9137,64.85,34,82,11.12,broken clouds
472,Alto Araguaia,BR,-17.3147,-53.2153,64.15,44,23,2.55,few clouds
473,Umarkot,PK,25.3616,69.7362,83.75,68,0,22.17,clear sky
474,Mkushi,ZM,-13.6202,29.3939,60.76,75,19,2.44,few clouds
475,Daru,PG,-9.0763,143.2092,79.7,77,21,11.18,few clouds
476,Gambela,ET,8.25,34.5833,75.25,76,49,2.04,light rain
477,Fairbanks,US,64.8378,-147.7164,72.61,31,0,4.61,clear sky
478,Sao Joao Da Barra,BR,-21.6403,-41.0511,73.49,73,9,10.87,clear sky
479,Havelock,US,34.8791,-76.9013,87.75,78,0,16.11,clear sky
480,Maceio,BR,-9.6658,-35.7353,76.44,88,75,6.91,mist
481,Labrea,BR,-7.2586,-64.7981,86.11,60,40,1.14,scattered clouds
482,Lysyye Gory,RU,51.5506,44.8414,44.38,67,55,4.68,broken clouds
483,Petropavlovsk-Kamchatskiy,RU,53.0452,158.6483,39.79,93,75,2.24,light rain
484,Phenix City,US,32.471,-85.0008,90.88,51,0,0.0,clear sky
485,Ilo,PE,-17.6394,-71.3375,65.26,77,100,9.22,overcast clouds
486,Chiredzi,ZW,-21.05,31.6667,63.57,93,88,3.24,light rain
487,Mandal,IN,25.45,74.5667,84.4,53,0,16.33,clear sky
488,Omsukchan,RU,62.5333,155.8,31.41,92,99,7.61,overcast clouds
489,Yaan,NG,7.3833,8.5667,79.05,73,87,8.7,overcast clouds
490,Nueva Loja,EC,0.0847,-76.8828,75.22,88,75,9.22,broken clouds
491,Swan Hill,AU,-35.3378,143.5544,46.85,81,17,7.7,few clouds
492,Quarai,BR,-30.3875,-56.4514,56.82,76,100,2.44,overcast clouds
493,Burnie,AU,-41.0667,145.9167,48.94,83,6,3.24,clear sky
494,Blagoyevo,RU,63.3667,47.9167,30.11,92,100,8.48,light snow
495,Skjervoy,NO,70.0311,20.9714,44.6,86,99,2.35,overcast clouds
496,Yelizovo,RU,53.1873,158.3805,41.14,93,75,2.24,broken clouds
497,Yantongshan,CN,43.2919,126.0094,53.13,80,34,0.85,scattered clouds
498,Ballater,GB,57.0493,-3.0402,52.47,81,97,4.47,overcast clouds
499,Omboue,GA,-1.5746,9.2618,76.46,88,100,9.24,overcast clouds
500,Evensk,RU,61.95,159.2333,38.79,95,100,3.29,light rain
501,Namuac,PH,18.6109,121.1657,76.93,86,76,2.98,broken clouds
502,Yerbogachen,RU,61.2767,108.0108,45.5,91,48,3.87,scattered clouds
503,Marzuq,YE,14.4,46.4667,77.09,26,19,1.48,few clouds
504,Breves,BR,-1.6822,-50.4803,76.28,88,78,4.76,broken clouds
505,Urucara,BR,-2.5364,-57.76,78.82,80,77,2.62,broken clouds
506,Ilam,NP,26.9167,87.9167,63.25,85,10,4.83,clear sky
507,Asau,RO,46.4333,26.4,67.12,91,4,2.98,clear sky
508,Port Hedland,AU,-20.3167,118.5667,73.45,100,34,0.0,scattered clouds
509,Dalvik,IS,65.9702,-18.5286,40.93,97,100,8.01,overcast clouds
510,Bosaso,SO,11.2842,49.1816,86.13,43,82,2.3,broken clouds
511,Gornopravdinsk,RU,60.05,69.9,45.95,87,100,13.0,overcast clouds
512,Dhali,IN,10.5,77.1667,74.41,77,82,8.05,broken clouds
513,Kaseda,JP,31.4167,130.3167,64.29,87,96,4.32,overcast clouds
514,Tura,IN,25.5198,90.2201,70.12,97,52,2.59,broken clouds
515,Piacabucu,BR,-10.4056,-36.4344,77.41,79,61,14.41,broken clouds
516,Las Vegas,US,36.175,-115.1372,83.25,11,0,6.91,clear sky
517,Pyapon,MM,16.2833,95.6833,78.12,93,90,10.11,overcast clouds
518,Port Lincoln,AU,-34.7333,135.8667,58.33,81,1,9.75,clear sky
519,Marsala,IT,37.7966,12.4352,64.35,88,0,5.75,clear sky
520,Zaraza,VE,9.3503,-65.3245,94.12,33,11,9.86,few clouds
521,Malanje,AO,-9.5402,16.341,67.93,63,81,3.91,broken clouds
522,Trat,TH,12.5,102.5,83.88,93,100,3.6,light rain
523,Half Moon Bay,US,37.4636,-122.4286,86.88,51,0,16.11,clear sky
524,Kijang,KR,35.2442,129.2139,60.53,71,0,5.41,clear sky
525,Burns Lake,CA,54.2331,-125.7533,60.22,27,13,4.0,few clouds
526,Kaoma,ZM,-14.7833,24.8,56.57,50,6,5.06,clear sky
527,Henties Bay,NA,-22.116,14.2845,57.56,72,0,10.71,clear sky
528,Lynn Haven,US,30.2455,-85.6483,83.03,62,100,5.01,overcast clouds
529,San Andres,CO,12.5847,-81.7006,75.22,100,100,4.61,moderate rain
530,Tuy Hoa,VN,13.0833,109.3,77.74,89,100,4.16,overcast clouds
531,Tevriz,RU,57.509,72.4042,55.47,87,79,9.19,broken clouds
532,Tingi,TZ,-11.3,35.0333,60.55,87,13,3.76,few clouds
533,Arumbavur,IN,11.3833,78.7333,80.56,71,54,8.72,broken clouds
534,Gamba,GA,-2.65,10.0,76.35,84,100,8.23,overcast clouds
535,Salamanca,ES,40.8333,-6.0,76.78,67,46,11.61,scattered clouds
536,Voykove,UA,45.3826,36.4372,58.3,73,78,25.81,broken clouds
537,Chissamba,AO,-12.1667,17.3333,61.83,55,27,3.11,scattered clouds
538,Padang,ID,-0.9492,100.3543,77.11,88,96,2.08,light rain
539,Kindersley,CA,51.4668,-109.1682,53.62,22,20,8.05,few clouds
540,Kheda,IN,22.75,72.6833,88.09,62,0,15.48,clear sky
541,Hami,CN,42.8,93.45,74.91,26,0,14.58,clear sky
542,Pisco,PE,-13.7,-76.2167,69.85,64,0,6.91,clear sky
543,Carcassonne,FR,43.25,2.1667,74.43,68,0,5.75,clear sky
544,Progreso,MX,21.2833,-89.6667,101.1,48,57,12.97,broken clouds
545,Beloha,MG,-25.1667,45.05,68.18,51,0,6.44,clear sky
546,Vao,NC,-22.6667,167.4833,74.01,87,93,25.57,overcast clouds
547,Synya,RU,65.3718,58.0387,32.72,77,100,11.77,overcast clouds
548,Wynyard,AU,-41.0,145.7167,48.97,83,4,3.27,clear sky
549,Flinders,AU,-34.5833,150.8552,55.18,93,100,4.0,overcast clouds
550,Gondanglegi,ID,-7.7479,112.0132,73.74,91,100,3.4,overcast clouds
551,Diego De Almagro,CL,-26.3667,-70.05,71.8,23,0,7.65,clear sky
552,Rawicz,PL,51.6095,16.8585,55.92,91,11,12.24,few clouds
553,Aquiraz,BR,-3.9014,-38.3911,82.49,81,10,4.23,clear sky
554,Athabasca,CA,54.7169,-113.2854,57.61,28,62,3.62,broken clouds
555,Upernavik,GL,72.7868,-56.1549,31.39,76,100,4.05,overcast clouds
556,Kirkland Lake,CA,48.1446,-80.0377,61.09,59,93,11.21,overcast clouds
557,Craig,US,40.5153,-107.5464,49.62,30,0,7.94,clear sky
558,Paarl,ZA,-33.7338,18.9752,57.02,84,15,2.89,few clouds
559,Auki,SB,-8.7676,160.7034,79.68,77,7,3.04,clear sky
560,Panjab,AF,34.388,67.0233,48.04,46,0,4.36,clear sky
561,Portobelo,PA,9.55,-79.65,84.72,81,100,3.69,overcast clouds
562,Olinda,BR,-8.0089,-34.8553,82.13,78,40,12.66,scattered clouds
563,Wattegama,LK,6.7989,81.4808,76.48,78,76,7.47,broken clouds
564,Januaria,BR,-15.4833,-44.3667,71.02,27,6,4.25,clear sky
565,Sechura,PE,-5.5569,-80.8222,77.14,60,19,13.29,few clouds
566,Saint-Pierre,RE,-21.3393,55.4781,71.28,78,20,9.22,few clouds
567,Dong Xoai,VN,11.5333,106.9167,75.61,94,100,1.52,overcast clouds
568,Aksarayskiy,RU,46.7924,48.0119,51.01,88,100,8.72,moderate rain
569,Kruisfontein,ZA,-34.0033,24.7314,52.88,86,3,5.08,clear sky
570,Lufkin,US,31.3382,-94.7291,92.48,31,59,13.2,broken clouds
571,Morgan City,US,29.6994,-91.2068,89.01,79,75,12.66,broken clouds
572,Weatherford,US,32.7593,-97.7972,81.45,66,59,10.0,broken clouds
573,Male,MV,4.1748,73.5089,84.15,84,40,12.66,scattered clouds
574,Yorosso,ML,12.3536,-4.7761,80.98,58,88,12.39,overcast clouds
575,College,US,64.8569,-147.8028,73.99,31,0,4.61,clear sky
576,Teya,RU,60.3778,92.6267,39.87,95,9,3.94,clear sky
577,Olafsvik,IS,64.8945,-23.7142,43.03,82,75,18.28,broken clouds
578,Northport,US,33.229,-87.5772,95.13,50,0,1.01,clear sky
579,Marshfield,US,44.6689,-90.1718,59.67,62,91,10.25,overcast clouds
580,Belmonte,BR,-15.8631,-38.8828,73.69,62,12,9.91,few clouds
581,Sinnamary,GF,5.3833,-52.95,76.96,89,99,14.12,overcast clouds
582,Brae,GB,60.3964,-1.353,49.77,86,92,13.82,overcast clouds
583,Ganzhou,CN,28.8184,115.4327,64.47,91,51,1.34,broken clouds
584,Malpe,IN,13.35,74.7167,76.3,89,96,5.01,overcast clouds
585,Mlonggo,ID,-6.5333,110.7,77.52,85,91,3.36,overcast clouds
586,Joniskis,LT,56.2403,23.6153,50.92,99,100,3.29,light rain
587,Chester,US,40.1254,-75.8749,91.36,58,0,5.99,clear sky
588,Jiaozuo,CN,35.2397,113.2331,70.18,41,100,1.81,overcast clouds
589,Maracanau,BR,-3.8767,-38.6256,82.06,78,20,6.91,few clouds
590,Pokhara,NP,28.2333,83.9833,65.98,82,78,2.44,broken clouds
591,Sumbe,AO,-11.2061,13.8437,71.69,82,87,5.21,overcast clouds
592,High Prairie,CA,55.4334,-116.4858,56.12,32,73,4.85,broken clouds
593,Challans,FR,46.8436,-1.8749,72.52,67,82,9.37,broken clouds
594,Qaqortoq,GL,60.7167,-46.0333,38.53,77,3,5.5,clear sky
595,Sehithwa,BW,-20.4667,22.7167,50.5,44,0,6.76,clear sky
596,Vrangel,RU,42.7297,133.0839,52.59,88,7,6.04,clear sky
597,Hirara,JP,24.8,125.2833,75.06,79,74,14.65,broken clouds
598,Buala,SB,-8.145,159.5921,81.97,74,36,4.41,scattered clouds
599,Hermiston,US,45.8404,-119.2895,70.65,39,9,1.99,clear sky
600,Vardo,NO,70.3705,31.1107,37.38,87,75,21.85,broken clouds
601,Eshowe,ZA,-28.8865,31.4699,55.31,87,100,11.25,light rain
602,Lebedinyy,RU,58.5167,125.5167,38.98,82,58,6.73,broken clouds
603,Cururupu,BR,-1.8283,-44.8683,74.93,94,30,2.01,scattered clouds
604,Karema,TZ,-6.8205,30.4389,71.83,77,100,3.85,overcast clouds
605,Normandin,CA,48.8333,-72.5321,69.93,40,95,5.75,overcast clouds
606,Porbandar,IN,21.6422,69.6093,82.49,81,22,21.05,few clouds
607,Changping,CN,40.2186,116.2197,60.44,28,22,4.76,few clouds
608,Katsuura,JP,35.1333,140.3,61.86,94,100,17.07,overcast clouds
609,Marawi,PH,7.9986,124.2928,69.89,91,93,2.06,overcast clouds
610,Port-Gentil,GA,-0.7193,8.7815,78.48,84,100,14.16,light rain
611,Constitucion,CL,-35.3333,-72.4167,55.96,68,100,10.16,overcast clouds
612,Weyburn,CA,49.6668,-103.8511,50.22,34,100,9.22,overcast clouds
613,Kirovskiy,RU,45.0917,133.5136,52.09,94,59,3.36,broken clouds
614,Cabedelo,BR,-6.9811,-34.8339,81.27,80,6,10.89,clear sky
615,Kenai,US,60.5544,-151.2583,64.02,16,0,14.97,clear sky
616,Ahipara,NZ,-35.1667,173.1667,61.18,76,100,12.5,overcast clouds
617,Yumen,CN,40.2833,97.2,62.42,32,0,9.57,clear sky
618,Erzin,TR,36.9559,36.2,70.34,27,2,7.43,clear sky
619,Sayyan,YE,15.1718,44.3244,64.62,17,15,5.26,few clouds
620,Scottsbluff,US,41.8666,-103.6672,55.29,33,100,4.0,overcast clouds
621,Marshall,US,34.3834,-86.3333,90.09,42,40,9.22,scattered clouds
622,Capreol,CA,46.706,-80.9225,68.47,53,75,13.8,broken clouds
623,Puyo,EC,-1.4667,-77.9833,70.84,88,75,3.44,light intensity drizzle
624,Santa Cruz,BO,-17.8,-63.1667,78.26,47,40,17.27,scattered clouds
625,Kiunga,PG,-6.1219,141.2906,71.85,99,99,2.04,overcast clouds
626,Muslyumovo,RU,55.3033,53.1947,35.49,94,12,8.16,few clouds
627,Valparaiso,CL,-33.0393,-71.6273,71.83,51,0,11.5,clear sky
628,Makungu,TZ,-8.7333,35.2833,62.15,96,97,2.62,overcast clouds
629,Abu Samrah,SY,35.3029,37.1841,76.03,14,100,7.78,overcast clouds
630,Zholymbet,KZ,51.7433,71.7122,60.94,70,97,11.45,overcast clouds
631,Lata,PT,40.1629,-8.3327,59.88,93,30,0.92,scattered clouds
632,Fort Nelson,CA,58.8053,-122.7002,63.99,22,75,6.91,broken clouds
633,Ulagan,RU,50.6321,87.9563,52.45,58,69,2.46,broken clouds
634,Broome,US,42.2506,-75.833,92.01,51,34,5.01,scattered clouds
635,Pallasovka,RU,50.05,46.8833,45.19,63,36,8.81,scattered clouds
636,Aki,JP,33.5,133.9,60.04,80,0,3.53,clear sky
637,Laukaa,RU,58.7372,29.8453,44.24,58,9,10.13,clear sky
638,Poronaysk,RU,49.2167,143.1167,40.23,97,100,3.74,overcast clouds
639,Yashalta,RU,46.3395,42.2762,57.85,54,100,18.86,overcast clouds
640,Gushikawa,JP,26.3544,127.8686,70.83,95,0,4.61,mist
641,Corinto,GR,37.9407,22.9573,71.89,53,2,3.29,clear sky
642,Doha,QA,25.2867,51.5333,93.18,27,0,16.11,clear sky
643,San Quintin,MX,30.4833,-115.95,65.05,58,0,11.1,clear sky
644,Broken Hill,AU,-31.95,141.4333,54.84,85,99,10.2,overcast clouds
645,San Cristobal,VE,7.7669,-72.225,80.78,47,66,6.91,broken clouds
646,Ascension,US,30.2169,-90.9001,94.08,65,75,13.8,broken clouds
647,Nehe,CN,48.4833,124.8333,53.42,64,15,1.34,few clouds
648,Svetlyy,RU,54.675,20.1347,48.25,93,97,21.52,overcast clouds
649,Loikaw,MM,19.6742,97.2094,66.11,94,84,2.8,broken clouds
650,Camocim,BR,-2.9022,-40.8411,78.22,86,49,7.76,scattered clouds
651,Belozerskoye,RU,55.8214,65.5842,44.89,87,100,14.38,light rain
652,Qasigiannguit,GL,68.8193,-51.1922,34.45,86,97,6.35,overcast clouds
653,Kanalion,GR,39.6056,19.8925,67.78,68,0,3.44,clear sky
654,Kiama,AU,-34.6833,150.8667,64.0,95,100,5.01,overcast clouds
655,Sao Jose Da Laje,BR,-9.0097,-36.0583,71.33,98,97,7.2,overcast clouds
656,Fairlie,GB,55.756,-4.8556,57.11,83,100,10.74,overcast clouds
657,San Jeronimo,PE,-11.9472,-75.2829,60.67,51,66,3.58,broken clouds
658,Filadelfia,US,39.9523,-75.1638,96.03,46,75,14.97,broken clouds
659,Chicaman,GT,15.4,-90.7667,85.32,61,97,2.48,overcast clouds
660,Kununurra,AU,-15.7667,128.7333,75.18,33,36,6.91,scattered clouds
661,Ambon,ID,-3.6954,128.1814,77.14,94,20,2.3,few clouds
662,Bajil,YE,15.0584,43.2851,91.38,35,9,2.62,clear sky
663,Benguela,AO,-12.5763,13.4055,70.16,80,87,1.54,overcast clouds
664,Porosozero,RU,62.7191,32.727,32.05,66,6,4.99,clear sky
665,Kangaba,ML,11.9333,-8.4167,89.2,35,67,5.37,broken clouds
666,Belaya Gora,RU,68.5333,146.4167,46.24,74,98,4.27,overcast clouds
667,Yokadouma,CM,3.5167,15.05,70.52,87,59,0.49,broken clouds
668,Chokwe,MZ,-24.5333,32.9833,64.74,95,100,6.15,light rain
669,Hude,DE,53.1167,8.4667,55.36,96,43,6.31,scattered clouds
670,George,ZA,-33.963,22.4617,47.75,87,1,5.75,clear sky
671,Deneysville,ZA,-26.8908,28.0971,48.02,90,66,7.83,broken clouds
672,Fuerte Olimpo,PY,-21.0415,-57.8738,72.91,31,63,3.69,broken clouds
673,Hirado,JP,33.3597,129.5531,61.39,85,7,4.65,clear sky
674,Birin,NP,26.8865,88.0718,57.29,86,8,4.54,clear sky
675,Luanda,AO,-8.8368,13.2343,73.4,83,20,5.75,few clouds
676,Miquelon,PM,47.0975,-56.3814,53.6,81,87,8.48,overcast clouds
677,Bereda,ES,43.2686,-7.5406,64.0,72,100,1.88,overcast clouds
678,Ola,RU,59.5833,151.2833,41.14,85,100,5.86,overcast clouds
679,Port Hawkesbury,CA,45.6169,-61.3485,63.91,41,0,14.97,clear sky
680,Neuquen,AR,-38.9516,-68.0591,66.09,24,0,4.61,clear sky
681,Shakhtinsk,KZ,49.71,72.5872,60.35,60,28,7.85,scattered clouds
682,Shimoda,JP,34.6667,138.95,61.72,85,100,8.48,overcast clouds
683,Sao Miguel,BR,-5.4667,-35.3667,83.17,82,7,11.23,clear sky
684,Makueni,KE,-1.8041,37.6203,63.45,88,96,3.18,overcast clouds
685,Port Hardy,CA,50.6996,-127.4199,51.98,82,20,5.75,few clouds
686,Pafos,CY,34.7667,32.4167,67.78,56,20,2.3,few clouds
687,Zeya,RU,53.75,127.2667,47.52,57,100,1.95,overcast clouds
688,Providencia,MX,28.7167,-111.5833,91.2,50,0,17.94,clear sky
689,Dauphin,CA,51.1494,-100.0502,50.14,40,100,2.3,overcast clouds
690,Dryden,CA,49.7833,-92.7503,41.29,65,100,11.5,overcast clouds
691,Kolda,SN,12.8833,-14.95,85.12,46,100,10.16,overcast clouds
692,Chitipa,MW,-9.7024,33.2697,63.66,88,100,6.06,overcast clouds
693,Guilin,CN,25.2819,110.2864,66.31,97,100,3.29,overcast clouds
694,Vanavara,RU,60.34,102.2797,42.51,89,84,8.88,broken clouds
695,Bayanday,RU,53.0661,105.5139,46.94,85,83,4.72,broken clouds
696,Apollonia,GR,36.9716,24.7231,63.99,63,9,5.3,clear sky
697,Abomey,BJ,7.1829,1.9912,74.35,90,99,5.44,overcast clouds
698,Islamkot,PK,24.6997,70.177,80.49,83,0,22.7,clear sky
699,Barwadih,IN,23.8333,84.1167,79.09,57,15,5.5,few clouds
700,Peace River,CA,56.2501,-117.286,61.11,23,0,12.66,clear sky
701,Langsa,ID,4.4683,97.9683,74.53,98,100,2.42,overcast clouds
702,Kailua,US,21.4022,-157.7394,83.64,69,75,6.91,broken clouds
703,Liberty,US,31.8335,-81.5004,77.11,93,94,5.99,overcast clouds
704,Vrede,ZA,-27.4257,29.1659,46.33,86,67,11.34,broken clouds
705,Nabire,ID,-3.3667,135.4833,75.09,92,100,3.04,overcast clouds
706,Tessalit,ML,20.1986,1.0114,92.59,14,10,6.08,clear sky
707,Sistranda,NO,63.7256,8.834,48.16,94,100,8.63,light rain
708,Adrar,MR,20.5022,-10.0711,92.79,8,1,6.85,clear sky
709,Grindavik,IS,63.8424,-22.4338,51.75,76,20,21.85,few clouds
710,Glen Allen,US,37.666,-77.5064,96.08,46,0,8.05,clear sky
711,Mtinko,TZ,-4.55,34.85,61.29,80,100,10.8,overcast clouds
712,Minudasht,IR,37.2289,55.3747,52.12,78,60,0.65,broken clouds
713,Maneadero,MX,31.7167,-116.5667,66.47,60,4,8.86,clear sky
714,Gizo,SB,-8.103,156.8419,82.26,75,17,6.6,few clouds
